CHROM,POS,golden_REF,golden_ALT,expected_freq,cat
PB2,120,G,A,0.5,TP
PB2,222,A,G,0.5,TP
PB2,379,C,T,0.5,TP
PB2,546,G,A,0.5,TP
PB2,711,G,A,0.5,TP
PB2,888,C,T,0.5,TP
PB2,1020,A,T,0.5,TP
PB2,1167,A,G,0.5,TP
PB2,1290,C,A,0.5,TP
PB2,1412,C,T,0.5,TP
PB2,1577,A,G,0.5,TP
PB2,1785,C,T,0.5,TP
PB2,1899,T,C,0.5,TP
PB2,2055,G,A,0.5,TP
PB2,2137,T,C,0.5,TP
PB2,2266,A,G,0.5,TP
PB2,2267,T,C,0.5,TP
PB2,2280,G,A,0.5,TP
HA,4,A,G,0.5,TP
HA,298,T,C,0.5,TP
HA,333,T,C,0.5,TP
HA,515,G,A,0.5,TP
HA,516,A,G,0.5,TP
HA,621,T,C,0.5,TP
HA,796,G,T,0.5,TP
HA,831,T,C,0.5,TP
HA,930,G,T,0.5,TP
HA,1012,G,A,0.5,TP
HA,1173,G,A,0.5,TP
HA,1408,T,C,0.5,TP
HA,1563,G,A,0.5,TP
HA,1672,G,T,0.5,TP
NA,42,T,C,0.5,TP
NA,282,T,A,0.5,TP
NA,283,A,G,0.5,TP
NA,284,G,A,0.5,TP
NA,316,A,G,0.5,TP
NA,498,T,G,0.5,TP
NA,630,C,A,0.5,TP
NA,873,G,A,0.5,TP
NA,954,C,T,0.5,TP
NA,1104,A,G,0.5,TP
NA,1194,G,A,0.5,TP
NA,1221,T,C,0.5,TP
NA,1332,C,T,0.5,TP
NA,1374,A,G,0.5,TP
PB2,120,G,A,0.25,TP
PB2,222,A,G,0.25,TP
PB2,379,C,T,0.25,TP
PB2,546,G,A,0.25,TP
PB2,711,G,A,0.25,TP
PB2,888,C,T,0.25,TP
PB2,1020,A,T,0.25,TP
PB2,1167,A,G,0.25,TP
PB2,1290,C,A,0.25,TP
PB2,1412,C,T,0.25,TP
PB2,1577,A,G,0.25,TP
PB2,1785,C,T,0.25,TP
PB2,1899,T,C,0.25,TP
PB2,2055,G,A,0.25,TP
PB2,2137,T,C,0.25,TP
PB2,2266,A,G,0.25,TP
PB2,2267,T,C,0.25,TP
PB2,2280,G,A,0.25,TP
HA,4,A,G,0.25,TP
HA,298,T,C,0.25,TP
HA,333,T,C,0.25,TP
HA,515,G,A,0.25,TP
HA,516,A,G,0.25,TP
HA,621,T,C,0.25,TP
HA,796,G,T,0.25,TP
HA,831,T,C,0.25,TP
HA,930,G,T,0.25,TP
HA,1012,G,A,0.25,TP
HA,1173,G,A,0.25,TP
HA,1408,T,C,0.25,TP
HA,1563,G,A,0.25,TP
HA,1672,G,T,0.25,TP
NA,42,T,C,0.25,TP
NA,282,T,A,0.25,TP
NA,283,A,G,0.25,TP
NA,284,G,A,0.25,TP
NA,316,A,G,0.25,TP
NA,498,T,G,0.25,TP
NA,630,C,A,0.25,TP
NA,873,G,A,0.25,TP
NA,954,C,T,0.25,TP
NA,1104,A,G,0.25,TP
NA,1194,G,A,0.25,TP
NA,1221,T,C,0.25,TP
NA,1332,C,T,0.25,TP
NA,1374,A,G,0.25,TP
PB2,120,G,A,0.125,TP
PB2,222,A,G,0.125,TP
PB2,379,C,T,0.125,TP
PB2,546,G,A,0.125,TP
PB2,711,G,A,0.125,TP
PB2,888,C,T,0.125,TP
PB2,1020,A,T,0.125,TP
PB2,1167,A,G,0.125,TP
PB2,1290,C,A,0.125,TP
PB2,1412,C,T,0.125,TP
PB2,1577,A,G,0.125,TP
PB2,1785,C,T,0.125,TP
PB2,1899,T,C,0.125,TP
PB2,2055,G,A,0.125,TP
PB2,2137,T,C,0.125,TP
PB2,2266,A,G,0.125,TP
PB2,2267,T,C,0.125,TP
PB2,2280,G,A,0.125,TP
HA,4,A,G,0.125,TP
HA,298,T,C,0.125,TP
HA,333,T,C,0.125,TP
HA,515,G,A,0.125,TP
HA,516,A,G,0.125,TP
HA,621,T,C,0.125,TP
HA,796,G,T,0.125,TP
HA,831,T,C,0.125,TP
HA,930,G,T,0.125,TP
HA,1012,G,A,0.125,TP
HA,1173,G,A,0.125,TP
HA,1408,T,C,0.125,TP
HA,1563,G,A,0.125,TP
HA,1672,G,T,0.125,TP
NA,42,T,C,0.125,TP
NA,282,T,A,0.125,TP
NA,283,A,G,0.125,TP
NA,284,G,A,0.125,TP
NA,316,A,G,0.125,TP
NA,498,T,G,0.125,TP
NA,630,C,A,0.125,TP
NA,873,G,A,0.125,TP
NA,954,C,T,0.125,TP
NA,1104,A,G,0.125,TP
NA,1194,G,A,0.125,TP
NA,1221,T,C,0.125,TP
NA,1332,C,T,0.125,TP
NA,1374,A,G,0.125,TP
PB2,120,G,A,0.0625,TP
PB2,222,A,G,0.0625,TP
PB2,379,C,T,0.0625,TP
PB2,546,G,A,0.0625,TP
PB2,711,G,A,0.0625,TP
PB2,888,C,T,0.0625,TP
PB2,1020,A,T,0.0625,TP
PB2,1167,A,G,0.0625,TP
PB2,1290,C,A,0.0625,TP
PB2,1412,C,T,0.0625,TP
PB2,1577,A,G,0.0625,TP
PB2,1785,C,T,0.0625,TP
PB2,1899,T,C,0.0625,TP
PB2,2055,G,A,0.0625,TP
PB2,2137,T,C,0.0625,TP
PB2,2266,A,G,0.0625,TP
PB2,2267,T,C,0.0625,TP
PB2,2280,G,A,0.0625,TP
HA,4,A,G,0.0625,TP
HA,298,T,C,0.0625,TP
HA,333,T,C,0.0625,TP
HA,515,G,A,0.0625,TP
HA,516,A,G,0.0625,TP
HA,621,T,C,0.0625,TP
HA,796,G,T,0.0625,TP
HA,831,T,C,0.0625,TP
HA,930,G,T,0.0625,TP
HA,1012,G,A,0.0625,TP
HA,1173,G,A,0.0625,TP
HA,1408,T,C,0.0625,TP
HA,1563,G,A,0.0625,TP
HA,1672,G,T,0.0625,TP
NA,42,T,C,0.0625,TP
NA,282,T,A,0.0625,TP
NA,283,A,G,0.0625,TP
NA,284,G,A,0.0625,TP
NA,316,A,G,0.0625,TP
NA,498,T,G,0.0625,TP
NA,630,C,A,0.0625,TP
NA,873,G,A,0.0625,TP
NA,954,C,T,0.0625,TP
NA,1104,A,G,0.0625,TP
NA,1194,G,A,0.0625,TP
NA,1221,T,C,0.0625,TP
NA,1332,C,T,0.0625,TP
NA,1374,A,G,0.0625,TP
PB2,120,G,A,0.0313,TP
PB2,222,A,G,0.0313,TP
PB2,379,C,T,0.0313,TP
PB2,546,G,A,0.0313,TP
PB2,711,G,A,0.0313,TP
PB2,888,C,T,0.0313,TP
PB2,1020,A,T,0.0313,TP
PB2,1167,A,G,0.0313,TP
PB2,1290,C,A,0.0313,TP
PB2,1412,C,T,0.0313,TP
PB2,1577,A,G,0.0313,TP
PB2,1785,C,T,0.0313,TP
PB2,1899,T,C,0.0313,TP
PB2,2055,G,A,0.0313,TP
PB2,2137,T,C,0.0313,TP
PB2,2266,A,G,0.0313,TP
PB2,2267,T,C,0.0313,TP
PB2,2280,G,A,0.0313,TP
HA,4,A,G,0.0313,TP
HA,298,T,C,0.0313,TP
HA,333,T,C,0.0313,TP
HA,515,G,A,0.0313,TP
HA,516,A,G,0.0313,TP
HA,621,T,C,0.0313,TP
HA,796,G,T,0.0313,TP
HA,831,T,C,0.0313,TP
HA,930,G,T,0.0313,TP
HA,1012,G,A,0.0313,TP
HA,1173,G,A,0.0313,TP
HA,1408,T,C,0.0313,TP
HA,1563,G,A,0.0313,TP
HA,1672,G,T,0.0313,TP
NA,42,T,C,0.0313,TP
NA,282,T,A,0.0313,TP
NA,283,A,G,0.0313,TP
NA,284,G,A,0.0313,TP
NA,316,A,G,0.0313,TP
NA,498,T,G,0.0313,TP
NA,630,C,A,0.0313,TP
NA,873,G,A,0.0313,TP
NA,954,C,T,0.0313,TP
NA,1104,A,G,0.0313,TP
NA,1194,G,A,0.0313,TP
NA,1221,T,C,0.0313,TP
NA,1332,C,T,0.0313,TP
NA,1374,A,G,0.0313,TP
PB2,120,G,A,0.0156,TP
PB2,222,A,G,0.0156,TP
PB2,379,C,T,0.0156,TP
PB2,546,G,A,0.0156,TP
PB2,711,G,A,0.0156,TP
PB2,888,C,T,0.0156,TP
PB2,1020,A,T,0.0156,TP
PB2,1167,A,G,0.0156,TP
PB2,1290,C,A,0.0156,TP
PB2,1412,C,T,0.0156,TP
PB2,1577,A,G,0.0156,TP
PB2,1785,C,T,0.0156,TP
PB2,1899,T,C,0.0156,TP
PB2,2055,G,A,0.0156,TP
PB2,2137,T,C,0.0156,TP
PB2,2266,A,G,0.0156,TP
PB2,2267,T,C,0.0156,TP
PB2,2280,G,A,0.0156,TP
HA,4,A,G,0.0156,TP
HA,298,T,C,0.0156,TP
HA,333,T,C,0.0156,TP
HA,515,G,A,0.0156,TP
HA,516,A,G,0.0156,TP
HA,621,T,C,0.0156,TP
HA,796,G,T,0.0156,TP
HA,831,T,C,0.0156,TP
HA,930,G,T,0.0156,TP
HA,1012,G,A,0.0156,TP
HA,1173,G,A,0.0156,TP
HA,1408,T,C,0.0156,TP
HA,1563,G,A,0.0156,TP
HA,1672,G,T,0.0156,TP
NA,42,T,C,0.0156,TP
NA,282,T,A,0.0156,TP
NA,283,A,G,0.0156,TP
NA,284,G,A,0.0156,TP
NA,316,A,G,0.0156,TP
NA,498,T,G,0.0156,TP
NA,630,C,A,0.0156,TP
NA,873,G,A,0.0156,TP
NA,954,C,T,0.0156,TP
NA,1104,A,G,0.0156,TP
NA,1194,G,A,0.0156,TP
NA,1221,T,C,0.0156,TP
NA,1332,C,T,0.0156,TP
NA,1374,A,G,0.0156,TP
PB2,120,G,A,0.0078,TP
PB2,222,A,G,0.0078,TP
PB2,379,C,T,0.0078,TP
PB2,546,G,A,0.0078,TP
PB2,711,G,A,0.0078,TP
PB2,888,C,T,0.0078,TP
PB2,1020,A,T,0.0078,TP
PB2,1167,A,G,0.0078,TP
PB2,1290,C,A,0.0078,TP
PB2,1412,C,T,0.0078,TP
PB2,1577,A,G,0.0078,TP
PB2,1785,C,T,0.0078,TP
PB2,1899,T,C,0.0078,TP
PB2,2055,G,A,0.0078,TP
PB2,2137,T,C,0.0078,TP
PB2,2266,A,G,0.0078,TP
PB2,2267,T,C,0.0078,TP
PB2,2280,G,A,0.0078,TP
HA,4,A,G,0.0078,TP
HA,298,T,C,0.0078,TP
HA,333,T,C,0.0078,TP
HA,515,G,A,0.0078,TP
HA,516,A,G,0.0078,TP
HA,621,T,C,0.0078,TP
HA,796,G,T,0.0078,TP
HA,831,T,C,0.0078,TP
HA,930,G,T,0.0078,TP
HA,1012,G,A,0.0078,TP
HA,1173,G,A,0.0078,TP
HA,1408,T,C,0.0078,TP
HA,1563,G,A,0.0078,TP
HA,1672,G,T,0.0078,TP
NA,42,T,C,0.0078,TP
NA,282,T,A,0.0078,TP
NA,283,A,G,0.0078,TP
NA,284,G,A,0.0078,TP
NA,316,A,G,0.0078,TP
NA,498,T,G,0.0078,TP
NA,630,C,A,0.0078,TP
NA,873,G,A,0.0078,TP
NA,954,C,T,0.0078,TP
NA,1104,A,G,0.0078,TP
NA,1194,G,A,0.0078,TP
NA,1221,T,C,0.0078,TP
NA,1332,C,T,0.0078,TP
NA,1374,A,G,0.0078,TP
PB2,120,G,A,0.0039,TP
PB2,222,A,G,0.0039,TP
PB2,379,C,T,0.0039,TP
PB2,546,G,A,0.0039,TP
PB2,711,G,A,0.0039,TP
PB2,888,C,T,0.0039,TP
PB2,1020,A,T,0.0039,TP
PB2,1167,A,G,0.0039,TP
PB2,1290,C,A,0.0039,TP
PB2,1412,C,T,0.0039,TP
PB2,1577,A,G,0.0039,TP
PB2,1785,C,T,0.0039,TP
PB2,1899,T,C,0.0039,TP
PB2,2055,G,A,0.0039,TP
PB2,2137,T,C,0.0039,TP
PB2,2266,A,G,0.0039,TP
PB2,2267,T,C,0.0039,TP
PB2,2280,G,A,0.0039,TP
HA,4,A,G,0.0039,TP
HA,298,T,C,0.0039,TP
HA,333,T,C,0.0039,TP
HA,515,G,A,0.0039,TP
HA,516,A,G,0.0039,TP
HA,621,T,C,0.0039,TP
HA,796,G,T,0.0039,TP
HA,831,T,C,0.0039,TP
HA,930,G,T,0.0039,TP
HA,1012,G,A,0.0039,TP
HA,1173,G,A,0.0039,TP
HA,1408,T,C,0.0039,TP
HA,1563,G,A,0.0039,TP
HA,1672,G,T,0.0039,TP
NA,42,T,C,0.0039,TP
NA,282,T,A,0.0039,TP
NA,283,A,G,0.0039,TP
NA,284,G,A,0.0039,TP
NA,316,A,G,0.0039,TP
NA,498,T,G,0.0039,TP
NA,630,C,A,0.0039,TP
NA,873,G,A,0.0039,TP
NA,954,C,T,0.0039,TP
NA,1104,A,G,0.0039,TP
NA,1194,G,A,0.0039,TP
NA,1221,T,C,0.0039,TP
NA,1332,C,T,0.0039,TP
NA,1374,A,G,0.0039,TP
PB2,114,G,A,0.5,pre
PB2,176,C,A,0.5,pre
PB2,2102,A,G,0.5,pre
PB2,2197,T,A,0.5,pre
PB2,2207,A,G,0.5,pre
HA,596,C,A,0.5,pre
NA,1367,C,A,0.5,pre
PB2,114,G,A,0.25,pre
PB2,176,C,A,0.25,pre
PB2,2102,A,G,0.25,pre
PB2,2197,T,A,0.25,pre
PB2,2207,A,G,0.25,pre
HA,596,C,A,0.25,pre
NA,1367,C,A,0.25,pre
PB2,114,G,A,0.125,pre
PB2,176,C,A,0.125,pre
PB2,2102,A,G,0.125,pre
PB2,2197,T,A,0.125,pre
PB2,2207,A,G,0.125,pre
HA,596,C,A,0.125,pre
NA,1367,C,A,0.125,pre
PB2,114,G,A,0.0625,pre
PB2,176,C,A,0.0625,pre
PB2,2102,A,G,0.0625,pre
PB2,2197,T,A,0.0625,pre
PB2,2207,A,G,0.0625,pre
HA,596,C,A,0.0625,pre
NA,1367,C,A,0.0625,pre
PB2,114,G,A,0.0313,pre
PB2,176,C,A,0.0313,pre
PB2,2102,A,G,0.0313,pre
PB2,2197,T,A,0.0313,pre
PB2,2207,A,G,0.0313,pre
HA,596,C,A,0.0313,pre
NA,1367,C,A,0.0313,pre
PB2,114,G,A,0.0156,pre
PB2,176,C,A,0.0156,pre
PB2,2102,A,G,0.0156,pre
PB2,2197,T,A,0.0156,pre
PB2,2207,A,G,0.0156,pre
HA,596,C,A,0.0156,pre
NA,1367,C,A,0.0156,pre
PB2,114,G,A,0.0078,pre
PB2,176,C,A,0.0078,pre
PB2,2102,A,G,0.0078,pre
PB2,2197,T,A,0.0078,pre
PB2,2207,A,G,0.0078,pre
HA,596,C,A,0.0078,pre
NA,1367,C,A,0.0078,pre
PB2,114,G,A,0.0039,pre
PB2,176,C,A,0.0039,pre
PB2,2102,A,G,0.0039,pre
PB2,2197,T,A,0.0039,pre
PB2,2207,A,G,0.0039,pre
HA,596,C,A,0.0039,pre
NA,1367,C,A,0.0039,pre
